{
  "MAE": 1.2665216666666623,
  "RMSE": 1.6292587684537159,
  "R2": 0.45277225550435274
}